Age of Reference Person (Years),DIP_any,DIP_physical,DIP_severe,DIP_physical2,Age distribution,"Length of tenure: less than 1 year  (% of all households, not count)",Length of tenure: 1-2 years,Length of tenure: 2-3 years,Length of tenure: 3-4 years,Length of tenure: 5-9 years,Length of tenure: 10-19 years,Length of tenure: 20+ years,"Of those who have length of tenure <1 year, what proportion are in each age bucket?"
15-24,23.5,13.6,6.8,39.6,366,52.2,23.6,14.0,8.6,0.5,0.0,0.1,0.13200536448825012
25-34,19.8,12.7,7.8,37.5,1530,26.0,19.7,17.4,20.9,13.0,2.4,0.5,0.35273019868484695
35-44,28.5,18.9,13.2,50.3,1910,15.1,13.9,11.8,18.6,24.0,15.4,1.1,0.24405489551438345
45-54,35.8,26.6,15.5,61.4,1718,7.6,7.2,8.5,10.8,22.5,30.4,13.3,0.1212638223313883
55-64,43.4,37.4,16.5,73.9,1753,5.3,4.5,4.9,9.2,16.5,25.2,34.3,0.07995920001096005
65-74,54.7,51.3,19.2,87.9,1530,4.1,4.3,4.5,7.8,15.2,23.3,41.0,0.050263411940532673
75+,66.4,63.6,28.5,91.6,1075,2.1,2.2,3.3,7.0,14.8,21.3,49.4,0.019723107029638455
